protocol_number,when_aug_performed,aug_type,config/HP_AUG_PER,TP,TN,FP,FN,APCER,BPCER,ACER,EER,AUC,config/HP_REPEAT,fold_number
2,BeforeSplit,TradAugSpoofOnly,0.05,1355.5833333333333,9119.875,262.125,85.66666666666667,0.05365014322439376,0.027939138776380268,0.040794641000387016,0.07031709109490043,0.9592053589996129,1.5,1.0
2,BeforeSplit,TradAugSpoofOnly,0.1,1366.3333333333333,9192.75,189.25,74.91666666666667,0.04778482768188072,0.020171605201449536,0.033978216441665134,0.0607877315868502,0.9660217835583348,1.5,1.0
2,BeforeSplit,TradAugSpoofOnly,0.2,1381.6666666666667,8936.958333333334,445.0416666666667,59.583333333333336,0.03808837250225502,0.047435692460740385,0.04276203248149769,0.07247670971311261,0.9572379675185022,1.5,1.0
2,BeforeSplit,TradAugSpoofOnly,0.3,1379.375,8996.291666666666,385.7083333333333,61.875,0.03935330391408524,0.04111152561642857,0.04023241476525689,0.06911014236241987,0.959767585234743,1.5,1.0
3,BeforeSplit,TradAugSpoofOnly,0.05,3109.0,9223.25,158.75,874.0,0.15886053528456076,0.01692069921125554,0.08789061724790814,0.1364310942557823,0.9121093827520919,1.5,1.0
3,BeforeSplit,TradAugSpoofOnly,0.1,3099.6666666666665,9299.25,82.75,883.3333333333334,0.16024543497075297,0.008820081006182,0.08453275798846747,0.1303933576102351,0.9154672420115325,1.5,1.0
3,BeforeSplit,TradAugSpoofOnly,0.2,3124.25,9212.333333333334,169.66666666666666,858.75,0.15146373583244702,0.018084274852554476,0.08477400534250075,0.13099809145370991,0.9152259946574991,1.5,1.0
3,BeforeSplit,TradAugSpoofOnly,0.3,3136.9166666666665,9284.583333333334,97.41666666666667,846.0833333333334,0.15078799368312568,0.010383358203652333,0.08058567594338902,0.12364783097161146,0.9194143240566109,1.5,1.0
